iter	MultiRMSE
0	0.5209079332
1	0.5203423687
2	0.5198168999
3	0.5194372602
4	0.5190469281
